entity_id,feature1,feature2,start_time,end_time,target
1,13.7,3.9,2024-04-05 15:47:00,2024-04-05 16:47:00,0
2,19.5,5.7,2024-03-31 05:36:00,2024-03-31 06:36:00,1
3,17.3,7.4,2024-11-26 13:49:00,2024-11-26 14:49:00,0
4,16.0,6.7,2024-04-01 20:00:00,2024-04-01 21:00:00,1
5,11.6,7.0,2024-04-09 15:03:00,2024-04-09 16:03:00,1
6,11.6,6.3,2024-10-04 12:16:00,2024-10-04 13:16:00,0
7,10.6,6.5,2024-06-13 07:20:00,2024-06-13 08:20:00,1
8,18.7,7.2,2024-10-10 14:19:00,2024-10-10 15:19:00,1
9,16.0,4.2,2024-01-24 16:23:00,2024-01-24 17:23:00,0
10,17.1,5.4,2024-06-26 01:46:00,2024-06-26 02:46:00,0
11,10.2,4.1,2024-01-13 06:25:00,2024-01-13 07:25:00,0
12,19.7,7.9,2024-01-23 15:19:00,2024-01-23 16:19:00,0
13,18.3,7.7,2024-11-26 01:22:00,2024-11-26 02:22:00,1
14,12.1,3.2,2024-02-20 21:37:00,2024-02-20 22:37:00,0
15,11.8,6.5,2024-07-13 15:37:00,2024-07-13 16:37:00,0
16,11.8,7.6,2024-05-30 04:24:00,2024-05-30 05:24:00,0
17,13.0,3.9,2024-05-06 17:05:00,2024-05-06 18:05:00,0
18,15.2,5.8,2024-11-24 06:16:00,2024-11-24 07:16:00,0
19,14.3,7.6,2024-01-08 09:57:00,2024-01-08 10:57:00,1
20,12.9,3.2,2024-08-30 01:30:00,2024-08-30 02:30:00,0
21,16.1,6.5,2024-12-17 04:57:00,2024-12-17 05:57:00,1
22,11.4,4.5,2024-07-23 02:23:00,2024-07-23 03:23:00,0
23,12.9,7.6,2024-12-07 16:41:00,2024-12-07 17:41:00,0
24,13.7,7.9,2024-01-20 09:20:00,2024-01-20 10:20:00,0
25,14.6,7.7,2024-06-01 09:15:00,2024-06-01 10:15:00,0
26,17.9,5.4,2024-04-04 04:28:00,2024-04-04 05:28:00,0
27,12.0,7.3,2024-09-23 06:16:00,2024-09-23 07:16:00,0
28,15.1,7.2,2024-12-24 15:57:00,2024-12-24 16:57:00,0
29,15.9,4.6,2024-04-03 13:04:00,2024-04-03 14:04:00,0
30,10.5,7.1,2024-08-26 01:56:00,2024-08-26 02:56:00,1
31,16.1,3.2,2024-03-13 06:05:00,2024-03-13 07:05:00,0
32,11.7,6.0,2024-07-25 13:36:00,2024-07-25 14:36:00,1
33,10.7,4.2,2024-06-18 14:15:00,2024-06-18 15:15:00,0
34,19.5,3.6,2024-12-20 00:56:00,2024-12-20 01:56:00,1
35,19.7,3.4,2024-08-10 05:39:00,2024-08-10 06:39:00,0
36,18.1,6.5,2024-05-07 16:35:00,2024-05-07 17:35:00,0
37,13.0,4.7,2024-02-11 07:15:00,2024-02-11 08:15:00,0
38,11.0,6.6,2024-02-25 13:51:00,2024-02-25 14:51:00,1
39,16.8,3.3,2024-03-23 21:06:00,2024-03-23 22:06:00,1
40,14.4,4.6,2024-04-01 03:55:00,2024-04-01 04:55:00,1
41,11.2,5.7,2024-11-06 16:52:00,2024-11-06 17:52:00,1
42,15.0,7.0,2024-07-23 04:34:00,2024-07-23 05:34:00,0
43,10.3,4.6,2024-07-10 16:40:00,2024-07-10 17:40:00,0
44,19.1,6.1,2024-02-11 09:00:00,2024-02-11 10:00:00,0
45,12.6,7.4,2024-11-09 13:14:00,2024-11-09 14:14:00,1
46,16.6,6.1,2024-09-20 10:56:00,2024-09-20 11:56:00,0
47,13.1,4.2,2024-01-25 09:49:00,2024-01-25 10:49:00,1
48,15.2,3.1,2024-09-15 04:39:00,2024-09-15 05:39:00,1
49,15.5,7.4,2024-07-17 22:06:00,2024-07-17 23:06:00,1
50,11.8,3.1,2024-01-30 00:25:00,2024-01-30 01:25:00,1
51,19.7,7.4,2024-06-16 02:44:00,2024-06-16 03:44:00,1
52,17.8,5.6,2024-06-25 21:25:00,2024-06-25 22:25:00,0
53,19.4,7.7,2024-03-01 05:25:00,2024-03-01 06:25:00,1
54,18.9,7.0,2024-12-11 16:00:00,2024-12-11 17:00:00,1
55,16.0,8.0,2024-11-06 13:36:00,2024-11-06 14:36:00,0
56,19.2,4.8,2024-09-01 14:14:00,2024-09-01 15:14:00,1
57,10.9,6.8,2024-06-17 16:05:00,2024-06-17 17:05:00,1
58,12.0,5.0,2024-05-30 04:51:00,2024-05-30 05:51:00,0
59,10.5,5.4,2024-08-25 16:00:00,2024-08-25 17:00:00,0
60,13.3,6.1,2024-07-18 05:12:00,2024-07-18 06:12:00,0
61,13.9,7.4,2024-01-23 06:14:00,2024-01-23 07:14:00,1
62,12.7,7.9,2024-07-06 01:27:00,2024-07-06 02:27:00,0
63,18.3,6.8,2024-10-21 16:35:00,2024-10-21 17:35:00,0
64,13.6,5.1,2024-06-16 15:04:00,2024-06-16 16:04:00,0
65,12.8,5.1,2024-01-19 21:49:00,2024-01-19 22:49:00,1
66,15.4,6.7,2024-10-13 18:48:00,2024-10-13 19:48:00,0
67,11.4,4.2,2024-03-14 21:32:00,2024-03-14 22:32:00,1
68,18.0,3.6,2024-04-04 04:36:00,2024-04-04 05:36:00,1
69,10.7,4.8,2024-03-01 17:43:00,2024-03-01 18:43:00,0
70,19.9,4.4,2024-04-30 11:04:00,2024-04-30 12:04:00,1
71,17.7,4.5,2024-10-03 08:54:00,2024-10-03 09:54:00,1
72,12.0,4.2,2024-07-08 13:31:00,2024-07-08 14:31:00,0
73,10.1,3.2,2024-03-15 06:21:00,2024-03-15 07:21:00,1
74,18.2,3.1,2024-11-16 20:39:00,2024-11-16 21:39:00,0
75,17.1,7.9,2024-11-17 18:26:00,2024-11-17 19:26:00,1
76,17.3,5.1,2024-11-13 14:14:00,2024-11-13 15:14:00,1
77,17.7,4.9,2024-03-28 16:25:00,2024-03-28 17:25:00,0
78,10.7,6.4,2024-06-13 10:38:00,2024-06-13 11:38:00,0
79,13.6,4.1,2024-12-25 21:03:00,2024-12-25 22:03:00,1
80,11.2,7.7,2024-10-08 18:17:00,2024-10-08 19:17:00,1
81,18.6,6.9,2024-01-10 10:01:00,2024-01-10 11:01:00,0
82,16.2,3.4,2024-01-24 06:29:00,2024-01-24 07:29:00,1
83,13.3,5.1,2024-06-18 01:28:00,2024-06-18 02:28:00,1
84,10.6,7.4,2024-11-27 21:06:00,2024-11-27 22:06:00,1
85,13.1,7.7,2024-07-15 17:24:00,2024-07-15 18:24:00,1
86,13.3,5.3,2024-06-30 15:15:00,2024-06-30 16:15:00,0
87,17.3,6.1,2024-02-08 03:09:00,2024-02-08 04:09:00,0
88,16.4,3.8,2024-08-27 01:10:00,2024-08-27 02:10:00,0
89,18.9,8.0,2024-10-27 15:52:00,2024-10-27 16:52:00,0
90,14.7,4.2,2024-05-18 18:40:00,2024-05-18 19:40:00,0
91,11.2,7.7,2024-10-10 02:17:00,2024-10-10 03:17:00,0
92,17.1,6.2,2024-12-18 07:14:00,2024-12-18 08:14:00,1
93,17.6,6.0,2024-03-15 11:31:00,2024-03-15 12:31:00,0
94,15.6,5.6,2024-07-10 08:20:00,2024-07-10 09:20:00,1
95,17.7,4.2,2024-04-14 19:46:00,2024-04-14 20:46:00,1
96,14.9,3.9,2024-10-16 07:53:00,2024-10-16 08:53:00,1
97,15.2,4.1,2024-07-29 21:19:00,2024-07-29 22:19:00,0
98,14.3,3.9,2024-08-19 08:29:00,2024-08-19 09:29:00,1
99,10.3,6.9,2024-10-18 21:51:00,2024-10-18 22:51:00,0
100,11.1,4.8,2024-05-24 02:23:00,2024-05-24 03:23:00,1
101,10.3,3.3,2024-11-30 12:29:00,2024-11-30 13:29:00,1
102,16.4,7.8,2024-07-13 04:50:00,2024-07-13 05:50:00,0
103,13.1,7.4,2024-02-27 15:49:00,2024-02-27 16:49:00,1
104,15.1,7.6,2024-09-11 19:44:00,2024-09-11 20:44:00,1
105,19.1,8.0,2024-10-16 10:36:00,2024-10-16 11:36:00,1
106,12.5,3.9,2024-04-25 03:39:00,2024-04-25 04:39:00,1
107,14.1,5.0,2024-11-08 04:40:00,2024-11-08 05:40:00,0
108,17.6,6.8,2024-11-26 05:06:00,2024-11-26 06:06:00,1
109,12.3,6.5,2024-04-11 03:00:00,2024-04-11 04:00:00,1
110,10.8,3.8,2024-12-24 16:43:00,2024-12-24 17:43:00,0
111,12.9,7.1,2024-02-21 11:09:00,2024-02-21 12:09:00,1
112,11.6,4.1,2024-03-14 01:01:00,2024-03-14 02:01:00,1
113,19.3,4.1,2024-03-08 03:52:00,2024-03-08 04:52:00,1
114,18.1,5.7,2024-11-22 05:20:00,2024-11-22 06:20:00,1
115,16.3,6.0,2024-08-26 02:13:00,2024-08-26 03:13:00,0
116,18.7,5.9,2024-02-25 11:35:00,2024-02-25 12:35:00,1
117,18.0,3.5,2024-06-09 05:03:00,2024-06-09 06:03:00,0
118,11.9,7.4,2024-08-12 08:13:00,2024-08-12 09:13:00,1
119,18.9,4.3,2024-01-31 05:56:00,2024-01-31 06:56:00,1
120,15.4,3.6,2024-11-18 14:32:00,2024-11-18 15:32:00,1
121,18.1,7.4,2024-10-20 09:25:00,2024-10-20 10:25:00,0
122,19.0,7.8,2024-07-03 12:41:00,2024-07-03 13:41:00,1
123,13.2,7.3,2024-12-19 16:10:00,2024-12-19 17:10:00,1
124,11.1,7.0,2024-06-01 11:24:00,2024-06-01 12:24:00,0
125,12.3,6.3,2024-12-25 20:37:00,2024-12-25 21:37:00,0
126,14.3,5.8,2024-08-31 12:06:00,2024-08-31 13:06:00,0
127,18.2,3.4,2024-08-19 13:06:00,2024-08-19 14:06:00,0
128,18.6,5.0,2024-03-01 07:08:00,2024-03-01 08:08:00,1
129,10.1,4.9,2024-11-17 15:12:00,2024-11-17 16:12:00,1
130,15.1,4.3,2024-06-05 09:52:00,2024-06-05 10:52:00,1
131,14.2,6.6,2024-02-29 04:29:00,2024-02-29 05:29:00,1
132,12.2,5.5,2024-01-05 09:01:00,2024-01-05 10:01:00,0
133,11.2,3.4,2024-07-23 18:04:00,2024-07-23 19:04:00,1
134,13.4,4.1,2024-07-11 10:33:00,2024-07-11 11:33:00,1
135,19.4,6.4,2024-09-19 14:40:00,2024-09-19 15:40:00,1
136,13.2,3.4,2024-11-20 05:00:00,2024-11-20 06:00:00,1
137,15.2,7.3,2024-01-29 16:31:00,2024-01-29 17:31:00,0
138,17.0,5.5,2024-09-23 19:48:00,2024-09-23 20:48:00,1
139,13.6,5.4,2024-03-09 19:28:00,2024-03-09 20:28:00,1
140,19.7,6.0,2024-11-09 07:46:00,2024-11-09 08:46:00,1
141,19.6,7.1,2024-10-25 10:10:00,2024-10-25 11:10:00,0
142,12.5,4.7,2024-07-16 19:52:00,2024-07-16 20:52:00,0
143,15.0,6.4,2024-09-16 10:04:00,2024-09-16 11:04:00,1
144,13.0,5.8,2024-04-24 08:47:00,2024-04-24 09:47:00,1
145,12.8,4.3,2024-06-20 20:12:00,2024-06-20 21:12:00,1
146,10.4,7.4,2024-10-26 01:51:00,2024-10-26 02:51:00,0
147,16.1,7.0,2024-06-16 08:31:00,2024-06-16 09:31:00,1
148,15.0,6.3,2024-05-10 22:03:00,2024-05-10 23:03:00,1
149,10.5,7.3,2024-06-29 14:04:00,2024-06-29 15:04:00,1
150,12.8,7.3,2024-10-29 08:47:00,2024-10-29 09:47:00,0
151,19.1,6.5,2024-05-02 09:58:00,2024-05-02 10:58:00,1
152,12.4,7.2,2024-03-04 12:18:00,2024-03-04 13:18:00,1
153,11.4,6.5,2024-09-16 05:20:00,2024-09-16 06:20:00,0
154,14.9,6.4,2024-10-28 08:04:00,2024-10-28 09:04:00,0
155,19.9,6.1,2024-02-06 08:27:00,2024-02-06 09:27:00,1
156,12.4,6.8,2024-03-28 16:38:00,2024-03-28 17:38:00,0
157,16.7,3.8,2024-02-21 16:00:00,2024-02-21 17:00:00,1
158,17.6,7.4,2024-05-06 05:39:00,2024-05-06 06:39:00,0
159,12.4,7.4,2024-06-13 11:00:00,2024-06-13 12:00:00,0
160,17.3,3.1,2024-09-30 18:45:00,2024-09-30 19:45:00,1
161,13.7,7.1,2024-08-25 12:03:00,2024-08-25 13:03:00,1
162,16.3,3.6,2024-08-14 17:34:00,2024-08-14 18:34:00,1
163,16.3,4.7,2024-05-08 17:44:00,2024-05-08 18:44:00,0
164,15.4,6.7,2024-11-03 18:30:00,2024-11-03 19:30:00,1
165,10.9,3.8,2024-06-21 03:39:00,2024-06-21 04:39:00,1
166,18.4,7.1,2024-12-23 14:43:00,2024-12-23 15:43:00,1
167,13.2,7.2,2024-08-19 03:11:00,2024-08-19 04:11:00,1
168,11.9,5.5,2024-02-16 20:44:00,2024-02-16 21:44:00,1
169,10.4,3.0,2024-09-03 20:44:00,2024-09-03 21:44:00,0
170,15.9,4.4,2024-04-28 13:38:00,2024-04-28 14:38:00,1
171,16.8,6.1,2024-09-07 20:34:00,2024-09-07 21:34:00,1
172,10.2,7.9,2024-01-26 14:09:00,2024-01-26 15:09:00,0
173,15.1,6.2,2024-03-04 10:42:00,2024-03-04 11:42:00,1
174,12.3,4.3,2024-11-08 06:11:00,2024-11-08 07:11:00,1
175,16.5,6.2,2024-03-23 07:14:00,2024-03-23 08:14:00,1
176,11.7,5.7,2024-11-01 04:25:00,2024-11-01 05:25:00,1
177,16.9,6.9,2024-04-11 20:29:00,2024-04-11 21:29:00,1
178,13.9,3.5,2024-08-22 04:04:00,2024-08-22 05:04:00,0
179,19.4,6.8,2024-09-10 16:22:00,2024-09-10 17:22:00,0
180,11.4,5.7,2024-07-06 18:38:00,2024-07-06 19:38:00,0
181,13.4,7.8,2024-04-21 18:16:00,2024-04-21 19:16:00,1
182,11.1,4.7,2024-03-18 15:15:00,2024-03-18 16:15:00,0
183,19.2,6.2,2024-01-13 21:37:00,2024-01-13 22:37:00,1
184,18.8,7.7,2024-04-20 07:15:00,2024-04-20 08:15:00,1
185,12.6,3.5,2024-08-26 04:40:00,2024-08-26 05:40:00,1
186,16.6,7.7,2024-12-08 05:35:00,2024-12-08 06:35:00,0
187,18.2,6.4,2024-11-13 06:39:00,2024-11-13 07:39:00,0
188,15.6,3.3,2024-10-06 18:45:00,2024-10-06 19:45:00,0
189,15.3,4.5,2024-10-14 17:11:00,2024-10-14 18:11:00,1
190,12.4,6.5,2024-08-30 02:41:00,2024-08-30 03:41:00,0
191,10.9,3.3,2024-04-05 08:25:00,2024-04-05 09:25:00,1
192,19.0,5.9,2024-11-27 00:15:00,2024-11-27 01:15:00,0
193,19.0,4.7,2024-09-01 00:51:00,2024-09-01 01:51:00,0
194,16.3,6.1,2024-07-23 05:32:00,2024-07-23 06:32:00,1
195,13.4,3.2,2024-02-10 00:39:00,2024-02-10 01:39:00,1
196,13.5,7.4,2024-06-12 07:52:00,2024-06-12 08:52:00,0
197,17.3,7.9,2024-06-17 20:19:00,2024-06-17 21:19:00,0
198,19.0,7.8,2024-11-11 20:58:00,2024-11-11 21:58:00,0
199,18.9,6.7,2024-07-18 18:49:00,2024-07-18 19:49:00,1
200,17.8,3.7,2024-05-18 05:34:00,2024-05-18 06:34:00,1
201,16.4,6.8,2024-12-22 01:05:00,2024-12-22 02:05:00,0
202,10.8,3.1,2024-02-10 22:19:00,2024-02-10 23:19:00,0
203,11.6,3.1,2024-06-03 17:47:00,2024-06-03 18:47:00,1
204,19.0,4.6,2024-01-16 19:58:00,2024-01-16 20:58:00,0
205,16.1,5.4,2024-09-27 05:02:00,2024-09-27 06:02:00,1
206,10.1,6.9,2024-12-01 09:07:00,2024-12-01 10:07:00,1
207,11.0,6.4,2024-04-12 00:21:00,2024-04-12 01:21:00,1
208,16.6,5.2,2024-11-09 18:33:00,2024-11-09 19:33:00,1
209,10.1,4.4,2024-04-16 07:38:00,2024-04-16 08:38:00,1
210,11.6,8.0,2024-11-28 05:00:00,2024-11-28 06:00:00,1
211,15.5,5.1,2024-10-02 17:36:00,2024-10-02 18:36:00,0
212,16.9,5.3,2024-10-20 17:02:00,2024-10-20 18:02:00,1
213,16.5,3.8,2024-01-07 19:36:00,2024-01-07 20:36:00,1
214,12.2,7.0,2024-12-17 12:36:00,2024-12-17 13:36:00,0
215,17.1,6.5,2024-09-22 19:34:00,2024-09-22 20:34:00,1
216,12.4,4.1,2024-04-21 13:58:00,2024-04-21 14:58:00,0
217,13.3,3.4,2024-10-29 17:26:00,2024-10-29 18:26:00,1
218,17.5,6.4,2024-04-12 16:22:00,2024-04-12 17:22:00,0
219,16.5,6.3,2024-11-14 05:35:00,2024-11-14 06:35:00,0
220,18.5,4.4,2024-02-11 21:54:00,2024-02-11 22:54:00,1
221,16.6,7.8,2024-09-13 07:31:00,2024-09-13 08:31:00,1
222,15.7,3.8,2024-07-16 04:58:00,2024-07-16 05:58:00,1
223,10.9,5.2,2024-02-05 22:38:00,2024-02-05 23:38:00,1
224,13.7,7.7,2024-03-29 18:42:00,2024-03-29 19:42:00,0
225,12.7,5.1,2024-01-05 13:03:00,2024-01-05 14:03:00,0
226,12.4,6.2,2024-06-20 10:39:00,2024-06-20 11:39:00,0
227,19.7,5.0,2024-04-19 15:22:00,2024-04-19 16:22:00,1
228,13.9,4.4,2024-08-06 21:09:00,2024-08-06 22:09:00,0
229,18.9,7.9,2024-04-18 11:40:00,2024-04-18 12:40:00,1
230,16.3,5.0,2024-04-19 16:38:00,2024-04-19 17:38:00,1
231,17.9,7.5,2024-09-28 06:09:00,2024-09-28 07:09:00,0
232,15.0,4.1,2024-01-18 14:35:00,2024-01-18 15:35:00,1
233,15.8,4.1,2024-11-25 04:41:00,2024-11-25 05:41:00,0
234,14.9,3.2,2024-11-07 10:39:00,2024-11-07 11:39:00,1
235,12.0,6.3,2024-08-31 19:10:00,2024-08-31 20:10:00,0
236,17.2,4.8,2024-08-04 00:45:00,2024-08-04 01:45:00,1
237,12.8,7.3,2024-11-21 14:41:00,2024-11-21 15:41:00,0
238,10.2,5.4,2024-03-08 19:47:00,2024-03-08 20:47:00,0
239,16.5,7.8,2024-01-29 22:31:00,2024-01-29 23:31:00,1
240,11.8,3.9,2024-03-28 11:23:00,2024-03-28 12:23:00,1
241,19.4,7.3,2024-10-17 03:33:00,2024-10-17 04:33:00,0
242,19.5,6.9,2024-01-13 06:54:00,2024-01-13 07:54:00,1
243,19.1,6.9,2024-07-31 13:34:00,2024-07-31 14:34:00,1
244,13.7,7.2,2024-12-29 08:03:00,2024-12-29 09:03:00,1
245,10.2,6.8,2024-11-08 00:24:00,2024-11-08 01:24:00,0
246,19.3,6.1,2024-07-09 01:35:00,2024-07-09 02:35:00,0
247,14.3,3.7,2024-01-24 20:52:00,2024-01-24 21:52:00,1
248,19.7,3.2,2024-10-30 15:12:00,2024-10-30 16:12:00,1
249,19.6,7.6,2024-08-06 19:52:00,2024-08-06 20:52:00,0
250,18.5,6.1,2024-02-11 04:43:00,2024-02-11 05:43:00,1
251,12.9,7.0,2024-02-04 06:47:00,2024-02-04 07:47:00,0
252,13.9,5.4,2024-11-28 22:01:00,2024-11-28 23:01:00,1
253,18.5,3.6,2024-09-01 20:36:00,2024-09-01 21:36:00,1
254,13.2,3.6,2024-10-29 22:27:00,2024-10-29 23:27:00,1
255,11.7,6.4,2024-11-16 19:03:00,2024-11-16 20:03:00,0
256,15.6,5.2,2024-07-27 07:03:00,2024-07-27 08:03:00,0
257,19.4,4.0,2024-07-07 22:48:00,2024-07-07 23:48:00,0
258,17.0,5.5,2024-06-06 19:55:00,2024-06-06 20:55:00,0
259,15.7,3.3,2024-04-25 01:22:00,2024-04-25 02:22:00,1
260,11.0,5.9,2024-06-07 01:12:00,2024-06-07 02:12:00,1
261,16.2,4.3,2024-10-09 05:27:00,2024-10-09 06:27:00,0
262,19.9,7.0,2024-08-07 06:05:00,2024-08-07 07:05:00,1
263,11.4,4.6,2024-11-21 03:08:00,2024-11-21 04:08:00,1
264,15.2,5.3,2024-06-10 22:44:00,2024-06-10 23:44:00,0
265,18.8,3.1,2024-08-09 22:25:00,2024-08-09 23:25:00,1
266,17.4,3.4,2024-08-18 06:47:00,2024-08-18 07:47:00,1
267,17.0,5.0,2024-08-03 07:17:00,2024-08-03 08:17:00,0
268,17.0,5.4,2024-09-13 05:07:00,2024-09-13 06:07:00,1
269,13.6,6.0,2024-03-27 05:20:00,2024-03-27 06:20:00,1
270,12.9,4.5,2024-07-06 15:03:00,2024-07-06 16:03:00,1
271,18.1,6.5,2024-02-08 04:47:00,2024-02-08 05:47:00,0
272,18.1,7.3,2024-05-20 03:20:00,2024-05-20 04:20:00,0
273,18.7,6.9,2024-06-26 19:09:00,2024-06-26 20:09:00,1
274,19.1,3.2,2024-08-26 01:28:00,2024-08-26 02:28:00,1
275,15.1,5.4,2024-12-12 06:33:00,2024-12-12 07:33:00,1
276,15.0,3.5,2024-08-07 18:08:00,2024-08-07 19:08:00,0
277,18.0,4.2,2024-09-28 13:29:00,2024-09-28 14:29:00,0
278,16.5,7.9,2024-07-03 03:36:00,2024-07-03 04:36:00,0
279,17.0,3.7,2024-08-19 06:28:00,2024-08-19 07:28:00,1
280,18.0,5.5,2024-01-26 01:27:00,2024-01-26 02:27:00,1
281,18.9,6.1,2024-04-02 07:48:00,2024-04-02 08:48:00,1
282,13.4,6.5,2024-05-12 01:24:00,2024-05-12 02:24:00,1
283,13.8,5.8,2024-06-21 10:42:00,2024-06-21 11:42:00,1
284,10.9,3.0,2024-01-17 13:39:00,2024-01-17 14:39:00,0
285,15.8,4.6,2024-02-21 17:50:00,2024-02-21 18:50:00,1
286,10.4,5.6,2024-04-11 07:31:00,2024-04-11 08:31:00,1
287,14.7,3.4,2024-12-20 19:58:00,2024-12-20 20:58:00,1
288,15.4,4.8,2024-04-30 20:21:00,2024-04-30 21:21:00,0
289,12.9,3.2,2024-06-24 04:28:00,2024-06-24 05:28:00,1
290,15.9,3.4,2024-03-12 17:29:00,2024-03-12 18:29:00,0
291,10.3,5.0,2024-08-10 11:49:00,2024-08-10 12:49:00,0
292,10.4,3.7,2024-04-12 08:50:00,2024-04-12 09:50:00,0
293,18.2,5.8,2024-03-16 09:19:00,2024-03-16 10:19:00,0
294,13.6,6.4,2024-07-07 10:44:00,2024-07-07 11:44:00,0
295,11.3,7.0,2024-01-03 02:11:00,2024-01-03 03:11:00,1
296,15.2,4.0,2024-01-03 21:10:00,2024-01-03 22:10:00,1
297,17.7,3.8,2024-03-20 13:34:00,2024-03-20 14:34:00,0
298,12.2,3.5,2024-01-14 11:38:00,2024-01-14 12:38:00,0
299,16.2,6.2,2024-02-09 05:32:00,2024-02-09 06:32:00,0
300,10.9,6.5,2024-05-03 08:39:00,2024-05-03 09:39:00,1
301,10.5,3.2,2024-10-19 03:33:00,2024-10-19 04:33:00,1
302,15.3,7.7,2024-07-27 04:16:00,2024-07-27 05:16:00,0
303,15.4,3.3,2024-07-06 05:10:00,2024-07-06 06:10:00,1
304,16.4,5.7,2024-04-17 18:16:00,2024-04-17 19:16:00,1
305,17.3,6.5,2024-12-06 21:57:00,2024-12-06 22:57:00,0
306,19.8,7.4,2024-05-24 13:08:00,2024-05-24 14:08:00,0
307,15.2,6.6,2024-02-01 08:47:00,2024-02-01 09:47:00,1
308,13.2,7.0,2024-08-13 08:05:00,2024-08-13 09:05:00,1
309,18.0,4.7,2024-02-11 12:49:00,2024-02-11 13:49:00,1
310,12.7,7.1,2024-05-06 18:10:00,2024-05-06 19:10:00,0
311,14.4,3.4,2024-07-04 15:13:00,2024-07-04 16:13:00,0
312,10.8,7.5,2024-11-15 05:51:00,2024-11-15 06:51:00,0
313,10.3,5.7,2024-06-29 05:15:00,2024-06-29 06:15:00,1
314,19.6,7.1,2024-09-13 00:51:00,2024-09-13 01:51:00,1
315,18.4,5.3,2024-12-28 18:37:00,2024-12-28 19:37:00,0
316,17.0,6.2,2024-02-17 17:08:00,2024-02-17 18:08:00,1
317,14.1,5.6,2024-04-10 10:20:00,2024-04-10 11:20:00,0
318,11.7,6.7,2024-05-24 02:28:00,2024-05-24 03:28:00,1
319,11.6,3.4,2024-06-02 21:02:00,2024-06-02 22:02:00,0
320,12.5,3.3,2024-05-30 06:12:00,2024-05-30 07:12:00,1
321,15.5,4.2,2024-11-27 05:53:00,2024-11-27 06:53:00,1
322,17.1,3.8,2024-09-17 10:27:00,2024-09-17 11:27:00,0
323,16.6,7.4,2024-08-09 17:09:00,2024-08-09 18:09:00,0
324,12.8,4.1,2024-04-22 11:25:00,2024-04-22 12:25:00,0
325,19.5,7.9,2024-10-27 13:58:00,2024-10-27 14:58:00,0
326,17.4,4.7,2024-12-14 17:23:00,2024-12-14 18:23:00,0
327,15.5,3.9,2024-10-26 19:10:00,2024-10-26 20:10:00,1
328,16.1,6.9,2024-01-01 00:12:00,2024-01-01 01:12:00,0
329,14.2,6.3,2024-08-20 07:30:00,2024-08-20 08:30:00,0
330,12.5,5.5,2024-01-19 14:53:00,2024-01-19 15:53:00,0
331,13.6,5.8,2024-04-04 11:29:00,2024-04-04 12:29:00,0
332,17.6,6.6,2024-01-22 01:02:00,2024-01-22 02:02:00,0
333,10.1,4.1,2024-08-08 12:25:00,2024-08-08 13:25:00,1
334,11.2,8.0,2024-09-07 19:09:00,2024-09-07 20:09:00,0
335,10.5,7.9,2024-02-11 00:26:00,2024-02-11 01:26:00,0
336,10.4,6.3,2024-05-20 05:02:00,2024-05-20 06:02:00,0
337,18.6,4.0,2024-06-15 16:06:00,2024-06-15 17:06:00,1
338,17.0,6.4,2024-05-14 13:16:00,2024-05-14 14:16:00,1
339,14.7,3.4,2024-02-14 03:22:00,2024-02-14 04:22:00,0
340,11.0,3.2,2024-06-01 18:23:00,2024-06-01 19:23:00,0
341,14.9,4.3,2024-10-01 17:07:00,2024-10-01 18:07:00,1
342,14.7,5.3,2024-01-26 17:13:00,2024-01-26 18:13:00,1
343,11.7,7.3,2024-01-30 15:33:00,2024-01-30 16:33:00,1
344,14.3,6.6,2024-05-09 21:22:00,2024-05-09 22:22:00,0
345,14.0,6.7,2024-12-09 01:01:00,2024-12-09 02:01:00,0
346,16.2,5.1,2024-09-01 19:30:00,2024-09-01 20:30:00,1
347,16.4,4.7,2024-09-04 17:13:00,2024-09-04 18:13:00,0
348,10.5,4.9,2024-05-12 07:01:00,2024-05-12 08:01:00,1
349,13.7,7.9,2024-08-04 22:39:00,2024-08-04 23:39:00,1
350,16.3,3.2,2024-01-04 21:15:00,2024-01-04 22:15:00,1
351,15.0,7.3,2024-08-20 14:40:00,2024-08-20 15:40:00,0
352,18.6,5.9,2024-11-29 07:50:00,2024-11-29 08:50:00,1
353,16.6,5.2,2024-08-11 21:52:00,2024-08-11 22:52:00,1
354,11.6,6.6,2024-11-14 16:16:00,2024-11-14 17:16:00,0
355,10.7,5.4,2024-09-21 06:56:00,2024-09-21 07:56:00,1
356,16.4,7.4,2024-02-14 00:42:00,2024-02-14 01:42:00,0
357,10.3,7.5,2024-11-25 16:36:00,2024-11-25 17:36:00,1
358,15.9,5.1,2024-01-25 22:18:00,2024-01-25 23:18:00,0
359,19.4,4.4,2024-07-13 07:04:00,2024-07-13 08:04:00,1
360,15.8,6.0,2024-02-21 10:15:00,2024-02-21 11:15:00,1
361,13.9,7.6,2024-01-05 07:49:00,2024-01-05 08:49:00,1
362,16.4,4.1,2024-06-03 21:10:00,2024-06-03 22:10:00,1
363,14.6,6.1,2024-04-17 08:54:00,2024-04-17 09:54:00,1
364,15.5,6.2,2024-06-26 01:05:00,2024-06-26 02:05:00,0
365,19.4,6.7,2024-07-29 03:35:00,2024-07-29 04:35:00,0
366,13.9,3.7,2024-01-16 03:57:00,2024-01-16 04:57:00,1
367,19.6,6.6,2024-02-14 10:29:00,2024-02-14 11:29:00,1
368,19.1,7.5,2024-07-22 05:27:00,2024-07-22 06:27:00,1
369,12.0,3.9,2024-05-05 15:44:00,2024-05-05 16:44:00,0
370,10.7,4.2,2024-09-23 17:34:00,2024-09-23 18:34:00,0
371,11.0,7.9,2024-08-26 20:48:00,2024-08-26 21:48:00,1
372,10.2,3.9,2024-11-04 17:03:00,2024-11-04 18:03:00,0
373,10.9,7.3,2024-09-09 00:12:00,2024-09-09 01:12:00,1
374,16.8,5.5,2024-06-05 15:24:00,2024-06-05 16:24:00,1
375,10.7,4.2,2024-09-02 09:52:00,2024-09-02 10:52:00,1
376,13.2,7.4,2024-04-10 20:53:00,2024-04-10 21:53:00,0
377,18.4,5.2,2024-04-21 07:40:00,2024-04-21 08:40:00,1
378,10.2,5.6,2024-10-14 06:11:00,2024-10-14 07:11:00,1
379,18.1,4.8,2024-06-11 04:20:00,2024-06-11 05:20:00,1
380,12.8,6.0,2024-10-18 09:49:00,2024-10-18 10:49:00,0
381,11.2,3.8,2024-10-27 02:43:00,2024-10-27 03:43:00,0
382,17.0,5.0,2024-11-09 12:16:00,2024-11-09 13:16:00,0
383,16.3,7.8,2024-11-30 11:17:00,2024-11-30 12:17:00,1
384,18.8,4.3,2024-06-06 13:25:00,2024-06-06 14:25:00,0
385,17.4,6.3,2024-04-26 03:06:00,2024-04-26 04:06:00,1
386,18.0,4.6,2024-07-31 12:53:00,2024-07-31 13:53:00,0
387,12.8,6.9,2024-05-15 07:43:00,2024-05-15 08:43:00,1
388,11.8,3.7,2024-08-07 15:54:00,2024-08-07 16:54:00,0
389,17.5,7.8,2024-09-14 18:33:00,2024-09-14 19:33:00,1
390,18.1,5.3,2024-09-08 15:53:00,2024-09-08 16:53:00,0
391,19.9,4.2,2024-05-16 09:19:00,2024-05-16 10:19:00,0
392,14.1,3.4,2024-03-01 00:48:00,2024-03-01 01:48:00,0
393,13.7,3.8,2024-06-06 18:06:00,2024-06-06 19:06:00,1
394,17.8,5.6,2024-02-22 13:27:00,2024-02-22 14:27:00,0
395,13.4,4.7,2024-11-20 02:57:00,2024-11-20 03:57:00,0
396,19.3,7.1,2024-05-06 04:03:00,2024-05-06 05:03:00,0
397,18.6,5.2,2024-02-26 13:43:00,2024-02-26 14:43:00,0
398,14.3,4.2,2024-01-10 00:38:00,2024-01-10 01:38:00,1
399,17.5,6.1,2024-08-23 12:06:00,2024-08-23 13:06:00,0
400,17.5,6.5,2024-08-20 03:33:00,2024-08-20 04:33:00,1
401,11.0,3.8,2024-05-04 06:55:00,2024-05-04 07:55:00,1
402,19.0,3.8,2024-01-27 18:58:00,2024-01-27 19:58:00,1
403,15.1,3.2,2024-05-29 05:57:00,2024-05-29 06:57:00,1
404,18.3,6.7,2024-04-23 09:20:00,2024-04-23 10:20:00,0
405,13.2,6.3,2024-09-04 01:03:00,2024-09-04 02:03:00,1
406,19.0,5.4,2024-08-09 15:27:00,2024-08-09 16:27:00,1
407,13.9,7.2,2024-05-13 05:36:00,2024-05-13 06:36:00,1
408,10.1,7.0,2024-03-20 05:34:00,2024-03-20 06:34:00,1
409,19.1,5.9,2024-12-26 08:48:00,2024-12-26 09:48:00,0
410,10.9,7.3,2024-06-14 18:28:00,2024-06-14 19:28:00,0
411,13.2,4.0,2024-09-08 08:21:00,2024-09-08 09:21:00,1
412,19.5,3.6,2024-02-21 18:19:00,2024-02-21 19:19:00,1
413,19.5,4.3,2024-06-26 04:04:00,2024-06-26 05:04:00,1
414,15.7,3.3,2024-01-11 10:28:00,2024-01-11 11:28:00,0
415,16.3,5.7,2024-07-03 19:13:00,2024-07-03 20:13:00,0
416,14.5,7.7,2024-12-17 08:47:00,2024-12-17 09:47:00,0
417,12.9,3.2,2024-05-20 18:22:00,2024-05-20 19:22:00,0
418,13.3,3.6,2024-01-15 10:17:00,2024-01-15 11:17:00,0
419,16.7,5.3,2024-01-12 21:06:00,2024-01-12 22:06:00,1
420,17.5,7.7,2024-05-21 21:40:00,2024-05-21 22:40:00,0
421,17.9,4.6,2024-02-28 12:01:00,2024-02-28 13:01:00,0
422,17.9,5.5,2024-01-09 10:24:00,2024-01-09 11:24:00,1
423,10.9,3.2,2024-10-03 03:38:00,2024-10-03 04:38:00,0
424,14.9,3.7,2024-06-16 22:33:00,2024-06-16 23:33:00,0
425,10.6,7.9,2024-04-15 16:04:00,2024-04-15 17:04:00,0
426,15.5,7.8,2024-11-24 09:06:00,2024-11-24 10:06:00,1
427,14.4,3.0,2024-02-12 14:55:00,2024-02-12 15:55:00,0
428,18.9,7.8,2024-12-14 15:04:00,2024-12-14 16:04:00,1
429,13.5,6.2,2024-04-24 08:32:00,2024-04-24 09:32:00,1
430,11.2,7.3,2024-11-20 09:49:00,2024-11-20 10:49:00,0
431,11.4,5.3,2024-08-08 18:36:00,2024-08-08 19:36:00,0
432,17.6,5.6,2024-10-28 08:15:00,2024-10-28 09:15:00,0
433,16.2,5.4,2024-12-25 02:20:00,2024-12-25 03:20:00,0
434,11.0,6.3,2024-04-15 09:39:00,2024-04-15 10:39:00,1
435,10.8,3.7,2024-12-16 15:04:00,2024-12-16 16:04:00,0
436,17.0,3.1,2024-05-22 09:10:00,2024-05-22 10:10:00,1
437,10.7,4.5,2024-05-20 03:48:00,2024-05-20 04:48:00,1
438,18.2,6.5,2024-05-04 00:24:00,2024-05-04 01:24:00,1
439,17.1,4.0,2024-07-16 03:51:00,2024-07-16 04:51:00,1
440,10.8,6.4,2024-02-26 12:13:00,2024-02-26 13:13:00,1
441,10.8,7.8,2024-07-21 11:43:00,2024-07-21 12:43:00,0
442,19.9,3.5,2024-07-16 22:13:00,2024-07-16 23:13:00,1
443,13.7,6.4,2024-10-05 20:55:00,2024-10-05 21:55:00,1
444,13.7,5.2,2024-10-31 21:37:00,2024-10-31 22:37:00,0
445,18.1,7.3,2024-06-09 14:23:00,2024-06-09 15:23:00,0
446,19.5,3.9,2024-04-20 17:31:00,2024-04-20 18:31:00,1
447,19.9,6.5,2024-04-04 15:25:00,2024-04-04 16:25:00,1
448,17.5,7.2,2024-03-12 16:48:00,2024-03-12 17:48:00,0
449,13.8,7.7,2024-01-22 03:49:00,2024-01-22 04:49:00,1
450,10.8,6.4,2024-05-04 12:49:00,2024-05-04 13:49:00,0
451,17.8,5.5,2024-04-08 09:22:00,2024-04-08 10:22:00,0
452,15.6,6.1,2024-12-18 21:14:00,2024-12-18 22:14:00,1
453,14.2,7.3,2024-07-22 19:28:00,2024-07-22 20:28:00,0
454,19.1,5.9,2024-05-06 11:18:00,2024-05-06 12:18:00,1
455,11.1,3.2,2024-07-30 13:19:00,2024-07-30 14:19:00,1
456,14.9,7.7,2024-02-20 00:16:00,2024-02-20 01:16:00,1
457,10.1,6.4,2024-06-11 00:57:00,2024-06-11 01:57:00,0
458,14.7,6.4,2024-08-16 22:23:00,2024-08-16 23:23:00,1
459,10.6,4.1,2024-06-27 16:20:00,2024-06-27 17:20:00,0
460,11.2,6.3,2024-05-26 15:47:00,2024-05-26 16:47:00,1
461,11.2,5.0,2024-12-28 21:23:00,2024-12-28 22:23:00,1
462,16.5,6.3,2024-11-17 18:15:00,2024-11-17 19:15:00,0
463,17.5,3.5,2024-08-15 22:01:00,2024-08-15 23:01:00,1
464,15.8,6.3,2024-07-26 13:38:00,2024-07-26 14:38:00,1
465,19.6,8.0,2024-08-14 15:07:00,2024-08-14 16:07:00,0
466,13.7,3.2,2024-03-14 21:10:00,2024-03-14 22:10:00,0
467,12.9,7.9,2024-05-24 14:13:00,2024-05-24 15:13:00,0
468,18.7,5.0,2024-01-15 07:32:00,2024-01-15 08:32:00,1
469,12.2,7.4,2024-06-22 09:09:00,2024-06-22 10:09:00,0
470,19.6,6.9,2024-07-17 03:24:00,2024-07-17 04:24:00,0
471,10.1,5.8,2024-03-24 17:52:00,2024-03-24 18:52:00,1
472,19.7,6.7,2024-12-17 01:23:00,2024-12-17 02:23:00,0
473,10.4,7.4,2024-11-27 02:00:00,2024-11-27 03:00:00,1
474,18.9,5.0,2024-09-20 15:35:00,2024-09-20 16:35:00,1
475,15.3,4.6,2024-07-13 03:13:00,2024-07-13 04:13:00,0
476,19.9,6.3,2024-11-13 00:49:00,2024-11-13 01:49:00,1
477,10.7,7.0,2024-02-17 22:07:00,2024-02-17 23:07:00,0
478,15.5,6.8,2024-10-15 05:51:00,2024-10-15 06:51:00,0
479,19.7,7.0,2024-02-15 21:24:00,2024-02-15 22:24:00,0
480,15.2,5.2,2024-10-16 01:02:00,2024-10-16 02:02:00,0
481,16.3,7.1,2024-04-10 13:23:00,2024-04-10 14:23:00,1
482,17.0,3.6,2024-11-16 00:34:00,2024-11-16 01:34:00,1
483,14.5,5.7,2024-12-10 00:46:00,2024-12-10 01:46:00,0
484,16.3,3.0,2024-02-24 07:02:00,2024-02-24 08:02:00,0
485,15.8,4.6,2024-06-17 13:23:00,2024-06-17 14:23:00,1
486,19.0,4.8,2024-12-24 22:32:00,2024-12-24 23:32:00,0
487,10.5,5.0,2024-06-25 06:41:00,2024-06-25 07:41:00,1
488,12.8,6.5,2024-11-11 06:53:00,2024-11-11 07:53:00,0
489,19.5,4.9,2024-08-02 08:32:00,2024-08-02 09:32:00,1
490,18.9,5.2,2024-05-16 01:25:00,2024-05-16 02:25:00,1
491,14.6,4.2,2024-04-14 19:47:00,2024-04-14 20:47:00,1
492,16.2,4.9,2024-03-15 05:13:00,2024-03-15 06:13:00,0
493,12.8,4.1,2024-10-05 18:54:00,2024-10-05 19:54:00,0
494,11.9,3.4,2024-05-21 02:26:00,2024-05-21 03:26:00,0
495,14.6,6.0,2024-07-05 07:51:00,2024-07-05 08:51:00,0
496,13.5,6.3,2024-06-28 01:12:00,2024-06-28 02:12:00,0
497,15.8,6.1,2024-07-29 17:03:00,2024-07-29 18:03:00,1
498,10.8,5.3,2024-11-11 11:26:00,2024-11-11 12:26:00,1
499,19.7,4.9,2024-12-23 07:23:00,2024-12-23 08:23:00,1
500,19.9,7.3,2024-05-28 12:09:00,2024-05-28 13:09:00,1
501,17.0,5.6,2024-10-29 13:47:00,2024-10-29 14:47:00,1
502,15.4,5.4,2024-10-06 17:09:00,2024-10-06 18:09:00,1
503,13.1,3.1,2024-07-28 03:15:00,2024-07-28 04:15:00,1
504,18.1,4.7,2024-12-14 08:24:00,2024-12-14 09:24:00,0
505,16.8,4.9,2024-03-14 15:03:00,2024-03-14 16:03:00,1
506,11.6,5.0,2024-02-09 00:23:00,2024-02-09 01:23:00,0
507,19.1,5.9,2024-11-07 16:11:00,2024-11-07 17:11:00,1
508,18.2,5.7,2024-06-09 14:15:00,2024-06-09 15:15:00,1
509,19.5,6.0,2024-11-05 20:52:00,2024-11-05 21:52:00,0
510,17.3,6.8,2024-11-21 06:13:00,2024-11-21 07:13:00,1
511,16.1,7.1,2024-01-23 09:14:00,2024-01-23 10:14:00,0
512,14.2,6.6,2024-11-18 15:48:00,2024-11-18 16:48:00,1
513,19.3,7.8,2024-06-12 15:48:00,2024-06-12 16:48:00,0
514,18.7,3.1,2024-07-05 09:09:00,2024-07-05 10:09:00,1
515,10.5,4.0,2024-08-16 16:21:00,2024-08-16 17:21:00,0
516,10.3,3.0,2024-12-04 15:15:00,2024-12-04 16:15:00,0
517,13.8,6.2,2024-01-07 01:58:00,2024-01-07 02:58:00,1
518,18.1,7.5,2024-06-23 03:58:00,2024-06-23 04:58:00,1
519,19.9,4.2,2024-09-08 22:46:00,2024-09-08 23:46:00,0
520,11.5,7.6,2024-09-20 15:34:00,2024-09-20 16:34:00,1
521,15.9,3.3,2024-09-09 19:17:00,2024-09-09 20:17:00,0
522,13.8,7.7,2024-02-19 10:36:00,2024-02-19 11:36:00,1
523,19.7,4.8,2024-04-19 09:25:00,2024-04-19 10:25:00,0
524,18.4,3.5,2024-05-10 07:33:00,2024-05-10 08:33:00,1
525,18.4,5.4,2024-10-20 19:11:00,2024-10-20 20:11:00,0
526,14.7,4.3,2024-04-11 21:40:00,2024-04-11 22:40:00,1
527,14.1,4.4,2024-03-17 18:32:00,2024-03-17 19:32:00,0
528,12.7,4.5,2024-12-15 17:00:00,2024-12-15 18:00:00,0
529,10.6,7.0,2024-01-04 18:02:00,2024-01-04 19:02:00,1
530,18.6,5.7,2024-12-30 20:58:00,2024-12-30 21:58:00,1
531,18.1,4.6,2024-09-04 06:12:00,2024-09-04 07:12:00,0
532,20.0,6.1,2024-10-29 17:14:00,2024-10-29 18:14:00,0
533,20.0,6.6,2024-04-17 19:06:00,2024-04-17 20:06:00,0
534,15.6,4.4,2024-01-06 02:57:00,2024-01-06 03:57:00,0
535,17.7,5.1,2024-09-26 15:49:00,2024-09-26 16:49:00,1
536,19.4,3.6,2024-10-31 07:39:00,2024-10-31 08:39:00,0
537,18.5,3.9,2024-09-27 13:35:00,2024-09-27 14:35:00,0
538,12.5,6.4,2024-02-22 15:33:00,2024-02-22 16:33:00,0
539,14.5,3.9,2024-10-02 09:16:00,2024-10-02 10:16:00,1
540,11.3,5.6,2024-10-07 17:13:00,2024-10-07 18:13:00,0
541,19.5,6.5,2024-08-28 15:13:00,2024-08-28 16:13:00,1
542,16.1,3.5,2024-10-06 14:44:00,2024-10-06 15:44:00,1
543,12.3,5.8,2024-11-04 05:03:00,2024-11-04 06:03:00,1
544,16.7,4.3,2024-08-11 03:35:00,2024-08-11 04:35:00,1
545,16.2,7.8,2024-02-02 19:02:00,2024-02-02 20:02:00,1
546,13.6,5.4,2024-06-26 16:20:00,2024-06-26 17:20:00,1
547,11.1,7.0,2024-01-29 11:54:00,2024-01-29 12:54:00,1
548,16.7,5.8,2024-05-28 07:27:00,2024-05-28 08:27:00,0
549,15.2,3.2,2024-05-28 00:04:00,2024-05-28 01:04:00,0
550,17.7,6.2,2024-01-25 05:01:00,2024-01-25 06:01:00,1
551,15.2,7.8,2024-05-07 14:25:00,2024-05-07 15:25:00,0
552,18.5,6.0,2024-02-10 12:10:00,2024-02-10 13:10:00,0
553,15.5,7.1,2024-10-22 06:39:00,2024-10-22 07:39:00,1
554,15.6,7.4,2024-12-11 22:02:00,2024-12-11 23:02:00,0
555,18.8,4.1,2024-01-27 20:34:00,2024-01-27 21:34:00,1
556,14.0,4.1,2024-12-14 12:29:00,2024-12-14 13:29:00,0
557,11.3,6.1,2024-07-09 01:05:00,2024-07-09 02:05:00,1
558,10.3,5.1,2024-04-19 13:20:00,2024-04-19 14:20:00,1
559,17.6,7.2,2024-01-29 21:23:00,2024-01-29 22:23:00,0
560,16.2,7.5,2024-07-01 03:42:00,2024-07-01 04:42:00,0
561,17.0,4.8,2024-10-16 06:31:00,2024-10-16 07:31:00,1
562,12.1,4.2,2024-09-15 16:53:00,2024-09-15 17:53:00,1
563,11.4,6.9,2024-01-19 18:39:00,2024-01-19 19:39:00,1
564,10.1,4.4,2024-01-27 15:55:00,2024-01-27 16:55:00,0
565,13.5,7.1,2024-05-27 06:00:00,2024-05-27 07:00:00,0
566,15.9,5.1,2024-04-17 06:12:00,2024-04-17 07:12:00,0
567,13.9,6.3,2024-03-25 15:37:00,2024-03-25 16:37:00,0
568,14.4,3.5,2024-04-12 13:00:00,2024-04-12 14:00:00,1
569,19.0,6.1,2024-10-20 16:19:00,2024-10-20 17:19:00,1
570,13.5,5.3,2024-12-05 15:32:00,2024-12-05 16:32:00,1
571,15.1,5.9,2024-05-27 07:07:00,2024-05-27 08:07:00,1
572,17.8,3.8,2024-11-26 02:49:00,2024-11-26 03:49:00,0
573,14.0,6.7,2024-04-27 21:38:00,2024-04-27 22:38:00,1
574,16.2,7.3,2024-06-22 02:23:00,2024-06-22 03:23:00,1
575,18.6,4.1,2024-03-23 16:46:00,2024-03-23 17:46:00,0
576,19.5,3.5,2024-08-21 02:00:00,2024-08-21 03:00:00,0
577,11.5,3.1,2024-12-23 16:21:00,2024-12-23 17:21:00,1
578,19.3,6.2,2024-08-08 05:00:00,2024-08-08 06:00:00,0
579,14.9,6.0,2024-05-10 12:50:00,2024-05-10 13:50:00,1
580,12.6,5.7,2024-08-24 22:33:00,2024-08-24 23:33:00,0
581,14.6,4.2,2024-02-14 11:05:00,2024-02-14 12:05:00,0
582,19.8,5.0,2024-11-20 12:22:00,2024-11-20 13:22:00,1
583,14.9,6.0,2024-07-02 13:22:00,2024-07-02 14:22:00,0
584,13.3,5.5,2024-06-13 05:05:00,2024-06-13 06:05:00,1
585,16.3,7.9,2024-08-01 07:05:00,2024-08-01 08:05:00,0
586,12.4,3.7,2024-08-16 04:58:00,2024-08-16 05:58:00,0
587,10.8,6.5,2024-01-27 10:31:00,2024-01-27 11:31:00,0
588,11.3,5.0,2024-09-06 20:58:00,2024-09-06 21:58:00,0
589,11.3,5.1,2024-03-29 13:47:00,2024-03-29 14:47:00,0
590,11.5,6.6,2024-09-17 07:18:00,2024-09-17 08:18:00,1
591,11.4,6.5,2024-10-27 09:39:00,2024-10-27 10:39:00,0
592,16.4,8.0,2024-10-20 15:18:00,2024-10-20 16:18:00,1
593,11.8,3.6,2024-07-20 03:37:00,2024-07-20 04:37:00,0
594,13.5,3.5,2024-07-08 02:34:00,2024-07-08 03:34:00,1
595,19.0,6.6,2024-02-22 15:41:00,2024-02-22 16:41:00,0
596,14.7,5.9,2024-10-10 17:51:00,2024-10-10 18:51:00,1
597,16.7,4.4,2024-04-09 11:43:00,2024-04-09 12:43:00,1
598,11.7,3.4,2024-06-30 14:11:00,2024-06-30 15:11:00,0
599,11.9,3.4,2024-04-13 00:16:00,2024-04-13 01:16:00,0
600,10.4,7.5,2024-02-18 10:36:00,2024-02-18 11:36:00,0
601,11.7,4.0,2024-08-17 19:11:00,2024-08-17 20:11:00,1
602,12.8,4.6,2024-01-20 02:56:00,2024-01-20 03:56:00,1
603,11.8,4.1,2024-09-30 02:28:00,2024-09-30 03:28:00,0
604,10.9,4.8,2024-04-25 13:31:00,2024-04-25 14:31:00,0
605,11.2,3.3,2024-01-01 01:03:00,2024-01-01 02:03:00,1
606,14.6,5.6,2024-07-05 02:34:00,2024-07-05 03:34:00,1
607,12.1,3.3,2024-01-18 12:13:00,2024-01-18 13:13:00,0
608,13.6,7.0,2024-04-10 14:48:00,2024-04-10 15:48:00,1
609,15.0,4.2,2024-09-15 00:29:00,2024-09-15 01:29:00,0
610,16.9,5.7,2024-01-23 15:14:00,2024-01-23 16:14:00,0
611,10.4,7.4,2024-11-02 07:36:00,2024-11-02 08:36:00,0
612,18.0,6.3,2024-01-02 20:47:00,2024-01-02 21:47:00,1
613,16.3,5.7,2024-03-31 13:43:00,2024-03-31 14:43:00,1
614,10.8,4.6,2024-09-27 08:37:00,2024-09-27 09:37:00,1
615,18.7,4.7,2024-04-25 10:11:00,2024-04-25 11:11:00,1
616,19.2,6.3,2024-02-07 16:32:00,2024-02-07 17:32:00,0
617,10.6,8.0,2024-05-11 08:53:00,2024-05-11 09:53:00,1
618,12.8,6.3,2024-04-08 00:18:00,2024-04-08 01:18:00,0
619,18.1,5.8,2024-11-03 01:45:00,2024-11-03 02:45:00,0
620,17.5,6.7,2024-04-24 16:19:00,2024-04-24 17:19:00,0
621,11.8,5.3,2024-10-14 15:23:00,2024-10-14 16:23:00,1
622,12.1,3.3,2024-11-21 17:26:00,2024-11-21 18:26:00,0
623,13.7,5.8,2024-06-07 09:55:00,2024-06-07 10:55:00,0
624,14.8,7.8,2024-11-28 05:07:00,2024-11-28 06:07:00,1
625,16.2,3.9,2024-05-17 13:57:00,2024-05-17 14:57:00,0
626,13.7,6.5,2024-12-17 08:03:00,2024-12-17 09:03:00,1
627,14.6,4.0,2024-02-02 07:29:00,2024-02-02 08:29:00,1
628,17.5,5.7,2024-09-07 03:38:00,2024-09-07 04:38:00,1
629,10.4,3.5,2024-06-29 22:26:00,2024-06-29 23:26:00,0
630,12.5,5.3,2024-05-21 08:23:00,2024-05-21 09:23:00,1
631,17.1,6.8,2024-08-18 02:52:00,2024-08-18 03:52:00,1
632,19.0,4.7,2024-09-13 09:22:00,2024-09-13 10:22:00,1
633,15.1,6.3,2024-01-02 15:26:00,2024-01-02 16:26:00,1
634,15.3,7.0,2024-03-01 14:03:00,2024-03-01 15:03:00,0
635,11.1,7.6,2024-09-17 18:55:00,2024-09-17 19:55:00,1
636,14.5,4.2,2024-08-31 14:56:00,2024-08-31 15:56:00,0
637,15.3,5.0,2024-12-18 03:28:00,2024-12-18 04:28:00,1
638,12.4,3.8,2024-10-04 13:34:00,2024-10-04 14:34:00,0
639,12.7,8.0,2024-12-13 09:19:00,2024-12-13 10:19:00,1
640,13.8,7.6,2024-09-13 02:23:00,2024-09-13 03:23:00,0
641,10.2,5.7,2024-04-18 03:43:00,2024-04-18 04:43:00,1
642,13.2,7.2,2024-02-08 04:03:00,2024-02-08 05:03:00,0
643,12.1,5.6,2024-10-12 12:35:00,2024-10-12 13:35:00,0
644,13.3,6.1,2024-08-23 20:34:00,2024-08-23 21:34:00,0
645,11.2,3.4,2024-01-18 07:47:00,2024-01-18 08:47:00,1
646,18.9,6.8,2024-05-11 12:04:00,2024-05-11 13:04:00,0
647,15.9,3.6,2024-12-15 13:53:00,2024-12-15 14:53:00,0
648,16.8,7.1,2024-07-01 09:17:00,2024-07-01 10:17:00,0
649,17.9,6.9,2024-06-06 03:08:00,2024-06-06 04:08:00,0
650,15.0,6.5,2024-06-16 09:35:00,2024-06-16 10:35:00,1
651,10.9,3.2,2024-03-17 01:55:00,2024-03-17 02:55:00,0
652,15.4,4.5,2024-05-14 17:34:00,2024-05-14 18:34:00,0
653,15.9,4.3,2024-05-14 19:04:00,2024-05-14 20:04:00,0
654,17.5,4.8,2024-01-20 10:37:00,2024-01-20 11:37:00,1
655,14.3,3.4,2024-10-07 19:46:00,2024-10-07 20:46:00,0
656,11.3,7.7,2024-06-01 06:55:00,2024-06-01 07:55:00,0
657,12.8,5.8,2024-10-27 02:51:00,2024-10-27 03:51:00,0
658,13.6,4.5,2024-11-06 22:10:00,2024-11-06 23:10:00,0
659,16.5,5.0,2024-03-18 16:02:00,2024-03-18 17:02:00,1
660,15.7,5.2,2024-08-27 09:30:00,2024-08-27 10:30:00,0
661,13.6,6.0,2024-06-21 13:55:00,2024-06-21 14:55:00,0
662,19.9,5.6,2024-11-17 15:28:00,2024-11-17 16:28:00,1
663,16.1,7.6,2024-03-19 18:56:00,2024-03-19 19:56:00,1
664,12.4,5.5,2024-09-04 00:57:00,2024-09-04 01:57:00,1
665,11.0,8.0,2024-08-09 01:48:00,2024-08-09 02:48:00,0
666,11.5,7.3,2024-04-17 06:07:00,2024-04-17 07:07:00,1
667,12.5,4.0,2024-02-19 10:37:00,2024-02-19 11:37:00,0
668,11.6,7.7,2024-08-25 08:03:00,2024-08-25 09:03:00,1
669,11.9,3.6,2024-09-26 13:53:00,2024-09-26 14:53:00,0
670,12.9,7.1,2024-04-25 08:12:00,2024-04-25 09:12:00,1
671,11.7,4.9,2024-08-23 10:02:00,2024-08-23 11:02:00,0
672,19.0,7.4,2024-05-24 18:48:00,2024-05-24 19:48:00,1
673,10.8,7.3,2024-09-17 13:20:00,2024-09-17 14:20:00,0
674,15.2,7.0,2024-03-13 18:32:00,2024-03-13 19:32:00,0
675,14.1,7.0,2024-11-20 18:37:00,2024-11-20 19:37:00,0
676,19.8,4.5,2024-04-14 18:35:00,2024-04-14 19:35:00,0
677,11.1,3.4,2024-05-14 09:56:00,2024-05-14 10:56:00,0
678,14.0,5.0,2024-01-22 12:35:00,2024-01-22 13:35:00,0
679,19.7,3.9,2024-02-10 05:36:00,2024-02-10 06:36:00,0
680,18.7,6.5,2024-07-07 13:10:00,2024-07-07 14:10:00,0
681,18.2,4.7,2024-04-07 01:35:00,2024-04-07 02:35:00,1
682,12.6,7.9,2024-10-31 17:30:00,2024-10-31 18:30:00,0
683,11.7,6.2,2024-01-06 05:39:00,2024-01-06 06:39:00,0
684,16.7,7.1,2024-05-18 01:26:00,2024-05-18 02:26:00,1
685,19.3,3.7,2024-05-03 03:10:00,2024-05-03 04:10:00,0
686,15.6,7.3,2024-01-08 04:22:00,2024-01-08 05:22:00,1
687,15.7,7.6,2024-02-15 01:23:00,2024-02-15 02:23:00,0
688,12.8,5.4,2024-05-30 11:28:00,2024-05-30 12:28:00,1
689,17.7,6.0,2024-06-28 08:49:00,2024-06-28 09:49:00,1
690,11.9,6.8,2024-05-27 03:29:00,2024-05-27 04:29:00,0
691,13.2,3.9,2024-07-12 01:04:00,2024-07-12 02:04:00,1
692,14.3,5.5,2024-08-05 13:33:00,2024-08-05 14:33:00,0
693,15.1,5.0,2024-01-04 20:32:00,2024-01-04 21:32:00,0
694,12.4,3.7,2024-06-18 22:02:00,2024-06-18 23:02:00,0
695,11.1,4.8,2024-12-17 02:02:00,2024-12-17 03:02:00,0
696,16.1,3.3,2024-07-08 04:31:00,2024-07-08 05:31:00,1
697,12.9,3.1,2024-09-04 14:02:00,2024-09-04 15:02:00,0
698,15.8,3.7,2024-04-23 21:49:00,2024-04-23 22:49:00,1
699,11.5,7.8,2024-10-09 06:04:00,2024-10-09 07:04:00,1
700,14.8,5.7,2024-10-09 03:07:00,2024-10-09 04:07:00,0
701,15.3,7.8,2024-07-09 02:30:00,2024-07-09 03:30:00,0
702,10.5,5.2,2024-12-22 05:21:00,2024-12-22 06:21:00,0
703,13.4,4.6,2024-02-15 22:40:00,2024-02-15 23:40:00,0
704,11.3,5.5,2024-01-07 21:08:00,2024-01-07 22:08:00,1
705,10.6,5.2,2024-10-08 08:32:00,2024-10-08 09:32:00,0
706,19.9,3.5,2024-10-21 01:00:00,2024-10-21 02:00:00,1
707,13.2,6.2,2024-02-13 15:37:00,2024-02-13 16:37:00,0
708,18.1,4.1,2024-04-06 09:28:00,2024-04-06 10:28:00,0
709,12.5,6.1,2024-01-07 09:01:00,2024-01-07 10:01:00,0
710,16.8,6.3,2024-04-17 07:10:00,2024-04-17 08:10:00,0
711,17.6,3.8,2024-10-09 02:56:00,2024-10-09 03:56:00,1
712,16.0,3.3,2024-07-08 13:42:00,2024-07-08 14:42:00,1
713,14.7,6.9,2024-05-07 07:23:00,2024-05-07 08:23:00,0
714,14.1,5.3,2024-05-15 05:05:00,2024-05-15 06:05:00,1
715,13.5,3.3,2024-01-01 04:47:00,2024-01-01 05:47:00,1
716,19.3,8.0,2024-04-19 15:32:00,2024-04-19 16:32:00,0
717,18.3,3.3,2024-08-23 10:54:00,2024-08-23 11:54:00,0
718,19.7,6.5,2024-12-21 01:16:00,2024-12-21 02:16:00,1
719,11.2,7.9,2024-11-05 08:46:00,2024-11-05 09:46:00,1
720,17.3,4.2,2024-01-09 22:14:00,2024-01-09 23:14:00,1
721,19.4,3.7,2024-11-23 20:49:00,2024-11-23 21:49:00,1
722,11.8,3.6,2024-10-12 05:23:00,2024-10-12 06:23:00,0
723,10.7,4.5,2024-10-11 09:57:00,2024-10-11 10:57:00,0
724,17.4,3.5,2024-06-16 04:47:00,2024-06-16 05:47:00,1
725,15.7,6.5,2024-05-25 07:43:00,2024-05-25 08:43:00,0
726,18.4,3.3,2024-04-20 09:34:00,2024-04-20 10:34:00,1
727,11.4,5.5,2024-01-24 19:47:00,2024-01-24 20:47:00,1
728,18.0,8.0,2024-03-24 19:03:00,2024-03-24 20:03:00,0
729,12.0,7.1,2024-03-31 15:08:00,2024-03-31 16:08:00,1
730,11.6,6.1,2024-06-25 09:32:00,2024-06-25 10:32:00,1
731,11.6,4.5,2024-09-29 09:30:00,2024-09-29 10:30:00,0
732,18.1,6.1,2024-06-21 22:07:00,2024-06-21 23:07:00,0
733,16.7,5.6,2024-01-22 15:23:00,2024-01-22 16:23:00,1
734,15.2,5.1,2024-12-15 03:09:00,2024-12-15 04:09:00,1
735,13.6,3.7,2024-12-10 21:51:00,2024-12-10 22:51:00,0
736,18.8,7.4,2024-10-13 20:58:00,2024-10-13 21:58:00,1
737,13.9,5.2,2024-12-27 04:20:00,2024-12-27 05:20:00,1
738,18.2,4.0,2024-07-17 15:28:00,2024-07-17 16:28:00,0
739,14.4,4.8,2024-12-17 09:21:00,2024-12-17 10:21:00,0
740,13.8,5.1,2024-01-28 13:33:00,2024-01-28 14:33:00,0
741,14.6,7.1,2024-05-13 03:27:00,2024-05-13 04:27:00,0
742,13.0,6.7,2024-03-23 12:33:00,2024-03-23 13:33:00,0
743,17.5,6.8,2024-03-12 04:43:00,2024-03-12 05:43:00,0
744,15.0,3.1,2024-02-21 00:20:00,2024-02-21 01:20:00,1
745,12.3,5.1,2024-08-15 17:33:00,2024-08-15 18:33:00,1
746,19.0,5.4,2024-10-12 06:41:00,2024-10-12 07:41:00,0
747,13.8,3.1,2024-07-30 13:46:00,2024-07-30 14:46:00,0
748,15.4,4.3,2024-02-23 16:35:00,2024-02-23 17:35:00,1
749,19.1,6.8,2024-10-23 11:07:00,2024-10-23 12:07:00,1
750,16.2,3.7,2024-08-20 06:24:00,2024-08-20 07:24:00,1
751,11.2,5.7,2024-05-21 13:30:00,2024-05-21 14:30:00,0
752,19.4,4.1,2024-09-03 06:00:00,2024-09-03 07:00:00,0
753,16.3,3.1,2024-04-04 11:16:00,2024-04-04 12:16:00,1
754,13.3,4.2,2024-05-05 16:01:00,2024-05-05 17:01:00,0
755,11.4,7.9,2024-11-30 13:55:00,2024-11-30 14:55:00,0
756,17.9,7.0,2024-04-16 04:27:00,2024-04-16 05:27:00,0
757,16.2,7.8,2024-06-20 02:36:00,2024-06-20 03:36:00,1
758,15.3,5.4,2024-11-20 12:24:00,2024-11-20 13:24:00,1
759,18.9,3.5,2024-09-15 11:52:00,2024-09-15 12:52:00,0
760,17.9,5.7,2024-01-23 04:01:00,2024-01-23 05:01:00,0
761,11.5,5.3,2024-02-23 19:34:00,2024-02-23 20:34:00,0
762,13.1,7.2,2024-01-03 20:35:00,2024-01-03 21:35:00,0
763,12.5,3.5,2024-08-18 18:25:00,2024-08-18 19:25:00,0
764,17.4,5.4,2024-06-12 17:53:00,2024-06-12 18:53:00,1
765,10.3,3.8,2024-02-19 13:10:00,2024-02-19 14:10:00,0
766,15.7,4.6,2024-12-15 06:11:00,2024-12-15 07:11:00,0
767,17.6,6.7,2024-07-12 05:18:00,2024-07-12 06:18:00,0
768,18.8,5.4,2024-03-29 12:34:00,2024-03-29 13:34:00,1
769,13.4,4.9,2024-07-01 09:36:00,2024-07-01 10:36:00,1
770,18.2,5.0,2024-09-05 01:05:00,2024-09-05 02:05:00,0
771,11.1,5.3,2024-01-28 03:30:00,2024-01-28 04:30:00,1
772,18.5,6.9,2024-04-10 04:16:00,2024-04-10 05:16:00,1
773,11.3,7.5,2024-10-21 09:47:00,2024-10-21 10:47:00,1
774,14.0,7.8,2024-06-16 00:38:00,2024-06-16 01:38:00,1
775,18.0,6.9,2024-07-18 15:47:00,2024-07-18 16:47:00,1
776,11.5,4.6,2024-06-06 21:01:00,2024-06-06 22:01:00,1
777,12.3,6.4,2024-01-17 03:52:00,2024-01-17 04:52:00,0
778,17.2,5.2,2024-03-01 10:33:00,2024-03-01 11:33:00,1
779,17.2,4.3,2024-06-11 15:40:00,2024-06-11 16:40:00,1
780,16.4,7.2,2024-03-17 21:58:00,2024-03-17 22:58:00,0
781,16.9,3.2,2024-01-19 16:16:00,2024-01-19 17:16:00,0
782,15.4,7.5,2024-11-03 20:02:00,2024-11-03 21:02:00,0
783,12.5,5.3,2024-12-24 05:52:00,2024-12-24 06:52:00,0
784,13.5,6.2,2024-10-16 05:13:00,2024-10-16 06:13:00,1
785,11.8,6.3,2024-11-07 03:50:00,2024-11-07 04:50:00,1
786,19.1,7.5,2024-03-29 11:39:00,2024-03-29 12:39:00,1
787,15.8,6.2,2024-12-16 05:44:00,2024-12-16 06:44:00,1
788,14.0,6.1,2024-03-12 17:18:00,2024-03-12 18:18:00,0
789,14.6,3.3,2024-12-13 09:12:00,2024-12-13 10:12:00,1
790,19.5,5.6,2024-12-29 22:38:00,2024-12-29 23:38:00,1
791,11.5,3.8,2024-09-16 21:17:00,2024-09-16 22:17:00,0
792,15.9,6.7,2024-12-24 17:45:00,2024-12-24 18:45:00,1
793,15.1,5.6,2024-07-26 15:56:00,2024-07-26 16:56:00,1
794,16.1,6.4,2024-04-04 09:07:00,2024-04-04 10:07:00,1
795,10.2,3.2,2024-06-08 15:43:00,2024-06-08 16:43:00,1
796,18.7,3.4,2024-08-04 13:12:00,2024-08-04 14:12:00,0
797,19.3,6.6,2024-01-27 11:18:00,2024-01-27 12:18:00,0
798,15.7,3.4,2024-08-15 09:38:00,2024-08-15 10:38:00,0
799,17.0,3.4,2024-12-24 17:13:00,2024-12-24 18:13:00,0
800,19.2,3.1,2024-03-10 09:15:00,2024-03-10 10:15:00,0
801,17.1,7.8,2024-10-16 04:46:00,2024-10-16 05:46:00,1
802,11.5,6.7,2024-11-27 20:21:00,2024-11-27 21:21:00,1
803,15.8,4.8,2024-12-10 17:52:00,2024-12-10 18:52:00,0
804,16.1,4.5,2024-12-16 19:10:00,2024-12-16 20:10:00,0
805,14.2,4.7,2024-07-09 21:22:00,2024-07-09 22:22:00,0
806,17.4,6.9,2024-12-22 07:03:00,2024-12-22 08:03:00,1
807,19.3,6.3,2024-10-03 11:06:00,2024-10-03 12:06:00,0
808,19.3,3.9,2024-02-29 05:18:00,2024-02-29 06:18:00,1
809,14.5,3.9,2024-06-23 18:51:00,2024-06-23 19:51:00,1
810,11.1,3.5,2024-09-19 06:50:00,2024-09-19 07:50:00,1
811,19.8,6.3,2024-03-31 19:45:00,2024-03-31 20:45:00,1
812,18.4,6.8,2024-08-21 03:40:00,2024-08-21 04:40:00,0
813,11.2,4.3,2024-08-31 21:40:00,2024-08-31 22:40:00,1
814,19.2,3.1,2024-02-29 07:29:00,2024-02-29 08:29:00,1
815,18.7,3.4,2024-07-25 14:30:00,2024-07-25 15:30:00,0
816,15.2,7.8,2024-10-08 02:18:00,2024-10-08 03:18:00,1
817,15.9,4.5,2024-07-01 18:50:00,2024-07-01 19:50:00,1
818,14.0,6.8,2024-01-05 03:56:00,2024-01-05 04:56:00,1
819,10.5,6.1,2024-01-04 07:39:00,2024-01-04 08:39:00,0
820,13.4,4.9,2024-05-10 17:47:00,2024-05-10 18:47:00,1
821,18.0,4.0,2024-12-04 21:18:00,2024-12-04 22:18:00,1
822,10.0,3.6,2024-03-24 19:07:00,2024-03-24 20:07:00,0
823,13.3,6.1,2024-08-19 16:43:00,2024-08-19 17:43:00,0
824,14.0,6.9,2024-03-22 15:14:00,2024-03-22 16:14:00,1
825,15.4,6.2,2024-04-27 20:09:00,2024-04-27 21:09:00,1
826,19.2,5.7,2024-11-05 01:42:00,2024-11-05 02:42:00,0
827,13.5,3.2,2024-09-23 10:50:00,2024-09-23 11:50:00,1
828,13.5,7.8,2024-02-04 08:09:00,2024-02-04 09:09:00,0
829,17.4,7.0,2024-06-05 19:32:00,2024-06-05 20:32:00,1
830,14.5,4.5,2024-01-11 04:42:00,2024-01-11 05:42:00,0
831,12.2,7.9,2024-06-24 11:35:00,2024-06-24 12:35:00,1
832,14.5,6.0,2024-08-29 10:48:00,2024-08-29 11:48:00,0
833,11.4,5.9,2024-02-13 19:41:00,2024-02-13 20:41:00,0
834,11.8,6.7,2024-04-15 02:49:00,2024-04-15 03:49:00,0
835,15.0,7.1,2024-05-25 15:41:00,2024-05-25 16:41:00,0
836,14.2,6.3,2024-12-01 08:51:00,2024-12-01 09:51:00,0
837,19.1,3.6,2024-12-28 16:06:00,2024-12-28 17:06:00,1
838,13.6,4.7,2024-01-17 09:52:00,2024-01-17 10:52:00,1
839,15.8,7.6,2024-10-04 01:56:00,2024-10-04 02:56:00,0
840,16.3,4.1,2024-05-15 15:37:00,2024-05-15 16:37:00,1
841,10.1,4.9,2024-05-23 06:14:00,2024-05-23 07:14:00,1
842,16.6,5.2,2024-10-02 21:17:00,2024-10-02 22:17:00,1
843,11.8,5.2,2024-12-01 17:23:00,2024-12-01 18:23:00,1
844,19.6,6.1,2024-12-13 03:00:00,2024-12-13 04:00:00,1
845,11.5,7.7,2024-07-29 12:57:00,2024-07-29 13:57:00,1
846,14.1,4.2,2024-05-10 08:21:00,2024-05-10 09:21:00,0
847,10.9,3.6,2024-10-14 07:30:00,2024-10-14 08:30:00,1
848,20.0,4.0,2024-04-01 10:51:00,2024-04-01 11:51:00,1
849,15.0,7.4,2024-07-24 11:29:00,2024-07-24 12:29:00,1
850,16.0,6.2,2024-05-10 03:57:00,2024-05-10 04:57:00,0
851,10.7,4.4,2024-08-27 05:04:00,2024-08-27 06:04:00,1
852,17.5,7.1,2024-03-28 15:35:00,2024-03-28 16:35:00,1
853,12.1,7.3,2024-03-10 09:24:00,2024-03-10 10:24:00,1
854,19.0,7.2,2024-12-01 18:11:00,2024-12-01 19:11:00,0
855,12.1,7.6,2024-02-07 18:38:00,2024-02-07 19:38:00,1
856,11.9,4.3,2024-07-03 09:27:00,2024-07-03 10:27:00,0
857,10.4,6.8,2024-03-21 05:44:00,2024-03-21 06:44:00,1
858,14.7,5.3,2024-01-15 11:18:00,2024-01-15 12:18:00,0
859,15.6,7.2,2024-01-14 13:58:00,2024-01-14 14:58:00,0
860,10.7,6.6,2024-03-04 10:54:00,2024-03-04 11:54:00,0
861,17.8,6.9,2024-11-12 07:03:00,2024-11-12 08:03:00,1
862,14.5,6.3,2024-04-13 04:24:00,2024-04-13 05:24:00,0
863,15.2,3.9,2024-12-12 05:00:00,2024-12-12 06:00:00,0
864,14.4,5.7,2024-07-31 21:49:00,2024-07-31 22:49:00,0
865,14.0,7.9,2024-06-08 17:09:00,2024-06-08 18:09:00,0
866,15.6,7.7,2024-07-30 02:03:00,2024-07-30 03:03:00,1
867,11.6,3.2,2024-07-07 16:54:00,2024-07-07 17:54:00,1
868,11.8,3.8,2024-10-03 09:07:00,2024-10-03 10:07:00,1
869,18.6,3.7,2024-04-13 11:20:00,2024-04-13 12:20:00,1
870,19.5,6.6,2024-05-08 08:36:00,2024-05-08 09:36:00,0
871,13.7,7.1,2024-11-22 16:06:00,2024-11-22 17:06:00,1
872,12.7,4.1,2024-12-11 00:58:00,2024-12-11 01:58:00,0
873,16.4,5.5,2024-11-21 05:03:00,2024-11-21 06:03:00,1
874,14.1,7.2,2024-06-02 04:02:00,2024-06-02 05:02:00,1
875,10.3,6.7,2024-10-11 09:47:00,2024-10-11 10:47:00,1
876,11.6,5.7,2024-06-22 07:26:00,2024-06-22 08:26:00,0
877,17.2,6.0,2024-06-30 15:30:00,2024-06-30 16:30:00,1
878,16.6,5.5,2024-03-15 19:51:00,2024-03-15 20:51:00,1
879,10.3,4.5,2024-08-03 00:45:00,2024-08-03 01:45:00,1
880,12.2,5.8,2024-03-08 10:58:00,2024-03-08 11:58:00,0
881,12.3,6.4,2024-05-01 11:58:00,2024-05-01 12:58:00,1
882,16.7,7.4,2024-11-08 17:14:00,2024-11-08 18:14:00,1
883,10.2,6.2,2024-03-16 12:58:00,2024-03-16 13:58:00,0
884,11.0,6.8,2024-01-26 19:05:00,2024-01-26 20:05:00,0
885,18.0,3.8,2024-01-26 16:20:00,2024-01-26 17:20:00,1
886,11.8,5.3,2024-12-09 00:23:00,2024-12-09 01:23:00,1
887,16.5,3.0,2024-07-04 05:48:00,2024-07-04 06:48:00,1
888,12.4,4.2,2024-05-29 07:48:00,2024-05-29 08:48:00,0
889,11.0,6.6,2024-10-22 00:18:00,2024-10-22 01:18:00,0
890,12.4,8.0,2024-11-01 05:13:00,2024-11-01 06:13:00,0
891,17.2,3.5,2024-05-01 01:11:00,2024-05-01 02:11:00,1
892,18.6,5.0,2024-09-10 12:17:00,2024-09-10 13:17:00,0
893,18.3,7.0,2024-10-08 09:22:00,2024-10-08 10:22:00,1
894,14.0,4.0,2024-08-26 20:53:00,2024-08-26 21:53:00,0
895,16.7,5.8,2024-02-25 11:19:00,2024-02-25 12:19:00,0
896,12.0,6.7,2024-11-15 02:56:00,2024-11-15 03:56:00,0
897,12.9,6.1,2024-07-15 01:17:00,2024-07-15 02:17:00,1
898,19.0,3.9,2024-04-13 06:18:00,2024-04-13 07:18:00,1
899,10.1,4.8,2024-06-04 03:46:00,2024-06-04 04:46:00,1
900,10.9,6.9,2024-01-14 02:37:00,2024-01-14 03:37:00,1
901,12.1,5.8,2024-02-16 02:04:00,2024-02-16 03:04:00,0
902,10.3,3.0,2024-10-06 20:11:00,2024-10-06 21:11:00,1
903,11.8,6.8,2024-01-01 18:32:00,2024-01-01 19:32:00,0
904,15.8,3.2,2024-06-01 01:56:00,2024-06-01 02:56:00,1
905,14.2,6.7,2024-07-09 05:50:00,2024-07-09 06:50:00,1
906,18.9,4.0,2024-01-20 03:50:00,2024-01-20 04:50:00,0
907,18.2,7.8,2024-12-21 00:30:00,2024-12-21 01:30:00,0
908,13.4,4.8,2024-03-23 17:55:00,2024-03-23 18:55:00,1
909,12.6,4.6,2024-04-21 20:48:00,2024-04-21 21:48:00,1
910,13.8,3.7,2024-04-20 20:11:00,2024-04-20 21:11:00,0
911,15.9,4.5,2024-03-25 06:17:00,2024-03-25 07:17:00,0
912,12.7,7.4,2024-01-01 08:23:00,2024-01-01 09:23:00,0
913,16.2,8.0,2024-09-23 12:09:00,2024-09-23 13:09:00,0
914,14.1,4.8,2024-12-18 15:09:00,2024-12-18 16:09:00,0
915,15.5,5.2,2024-03-22 07:29:00,2024-03-22 08:29:00,1
916,14.4,6.6,2024-08-30 18:43:00,2024-08-30 19:43:00,1
917,12.9,7.4,2024-09-27 14:09:00,2024-09-27 15:09:00,1
918,19.5,6.0,2024-11-05 12:05:00,2024-11-05 13:05:00,1
919,17.6,5.0,2024-06-03 08:24:00,2024-06-03 09:24:00,0
920,11.4,5.1,2024-04-20 00:16:00,2024-04-20 01:16:00,0
921,18.7,6.5,2024-04-28 21:56:00,2024-04-28 22:56:00,0
922,14.9,3.0,2024-09-17 08:02:00,2024-09-17 09:02:00,1
923,18.9,6.1,2024-10-25 04:23:00,2024-10-25 05:23:00,0
924,18.0,4.8,2024-03-07 21:08:00,2024-03-07 22:08:00,0
925,14.3,7.0,2024-05-15 17:06:00,2024-05-15 18:06:00,1
926,10.2,3.5,2024-11-25 22:22:00,2024-11-25 23:22:00,1
927,12.7,5.9,2024-10-21 17:20:00,2024-10-21 18:20:00,1
928,15.4,5.4,2024-12-25 14:11:00,2024-12-25 15:11:00,0
929,16.3,6.2,2024-10-02 03:55:00,2024-10-02 04:55:00,0
930,12.6,3.3,2024-05-23 21:52:00,2024-05-23 22:52:00,1
931,11.4,5.9,2024-08-03 14:47:00,2024-08-03 15:47:00,1
932,18.3,5.8,2024-08-29 01:19:00,2024-08-29 02:19:00,0
933,19.8,5.8,2024-01-29 07:37:00,2024-01-29 08:37:00,1
934,15.3,6.0,2024-07-17 08:08:00,2024-07-17 09:08:00,0
935,11.7,6.4,2024-09-15 13:48:00,2024-09-15 14:48:00,1
936,12.7,7.0,2024-03-02 08:07:00,2024-03-02 09:07:00,1
937,10.2,4.3,2024-10-11 04:14:00,2024-10-11 05:14:00,1
938,19.1,7.1,2024-08-01 06:37:00,2024-08-01 07:37:00,0
939,11.2,5.5,2024-12-13 13:41:00,2024-12-13 14:41:00,0
940,15.8,3.4,2024-01-16 08:48:00,2024-01-16 09:48:00,1
941,12.7,3.3,2024-04-06 04:27:00,2024-04-06 05:27:00,0
942,15.5,4.7,2024-08-07 18:10:00,2024-08-07 19:10:00,1
943,16.5,6.9,2024-04-18 02:52:00,2024-04-18 03:52:00,1
944,18.3,6.5,2024-09-17 07:40:00,2024-09-17 08:40:00,0
945,12.1,6.9,2024-10-04 00:40:00,2024-10-04 01:40:00,0
946,10.1,5.6,2024-02-07 07:03:00,2024-02-07 08:03:00,0
947,11.4,5.2,2024-07-06 14:14:00,2024-07-06 15:14:00,0
948,19.0,3.7,2024-07-04 08:04:00,2024-07-04 09:04:00,1
949,18.7,4.6,2024-05-14 03:17:00,2024-05-14 04:17:00,0
950,16.0,5.2,2024-12-06 02:53:00,2024-12-06 03:53:00,0
951,16.0,3.4,2024-10-29 00:28:00,2024-10-29 01:28:00,1
952,16.7,4.1,2024-09-11 02:18:00,2024-09-11 03:18:00,1
953,11.8,6.0,2024-09-17 21:09:00,2024-09-17 22:09:00,1
954,19.1,6.7,2024-06-17 22:12:00,2024-06-17 23:12:00,1
955,14.2,8.0,2024-12-02 17:32:00,2024-12-02 18:32:00,0
956,13.8,7.7,2024-09-10 20:32:00,2024-09-10 21:32:00,0
957,15.2,6.2,2024-09-23 12:11:00,2024-09-23 13:11:00,1
958,10.5,5.1,2024-11-10 03:54:00,2024-11-10 04:54:00,1
959,11.7,6.2,2024-04-10 07:21:00,2024-04-10 08:21:00,0
960,17.4,6.9,2024-10-21 17:19:00,2024-10-21 18:19:00,0
961,10.8,3.6,2024-03-12 21:43:00,2024-03-12 22:43:00,0
962,16.0,5.0,2024-05-06 13:51:00,2024-05-06 14:51:00,0
963,12.5,7.2,2024-05-02 01:15:00,2024-05-02 02:15:00,0
964,13.9,4.9,2024-12-23 10:13:00,2024-12-23 11:13:00,1
965,12.9,5.9,2024-11-08 17:54:00,2024-11-08 18:54:00,1
966,13.6,5.9,2024-09-12 09:20:00,2024-09-12 10:20:00,1
967,17.2,3.9,2024-09-22 22:26:00,2024-09-22 23:26:00,1
968,13.0,4.8,2024-07-24 11:20:00,2024-07-24 12:20:00,0
969,15.7,4.7,2024-12-11 20:33:00,2024-12-11 21:33:00,1
970,14.8,3.1,2024-06-30 17:47:00,2024-06-30 18:47:00,0
971,16.6,3.1,2024-05-18 07:25:00,2024-05-18 08:25:00,0
972,19.4,7.2,2024-02-29 19:21:00,2024-02-29 20:21:00,0
973,17.3,4.4,2024-10-13 18:55:00,2024-10-13 19:55:00,0
974,12.1,5.6,2024-09-25 14:43:00,2024-09-25 15:43:00,0
975,10.3,4.5,2024-05-20 18:49:00,2024-05-20 19:49:00,0
976,12.6,7.7,2024-01-10 09:03:00,2024-01-10 10:03:00,0
977,16.0,4.3,2024-11-02 09:39:00,2024-11-02 10:39:00,1
978,10.5,5.1,2024-01-05 10:44:00,2024-01-05 11:44:00,0
979,15.0,7.4,2024-09-13 08:37:00,2024-09-13 09:37:00,1
980,16.0,7.2,2024-12-20 04:44:00,2024-12-20 05:44:00,1
981,13.3,3.9,2024-06-08 12:12:00,2024-06-08 13:12:00,0
982,17.7,7.0,2024-03-26 06:44:00,2024-03-26 07:44:00,0
983,11.1,5.3,2024-09-14 11:12:00,2024-09-14 12:12:00,1
984,10.8,5.4,2024-10-25 22:42:00,2024-10-25 23:42:00,1
985,17.3,3.7,2024-07-18 22:25:00,2024-07-18 23:25:00,1
986,15.0,3.4,2024-12-18 10:52:00,2024-12-18 11:52:00,1
987,16.9,6.6,2024-01-19 12:41:00,2024-01-19 13:41:00,0
988,14.3,5.5,2024-07-03 05:26:00,2024-07-03 06:26:00,0
989,12.5,5.2,2024-09-19 02:12:00,2024-09-19 03:12:00,0
990,18.2,6.6,2024-11-10 00:02:00,2024-11-10 01:02:00,1
991,18.0,6.8,2024-03-06 22:14:00,2024-03-06 23:14:00,0
992,16.9,3.8,2024-10-19 15:49:00,2024-10-19 16:49:00,1
993,12.7,6.1,2024-07-20 12:09:00,2024-07-20 13:09:00,0
994,15.9,3.7,2024-05-24 16:35:00,2024-05-24 17:35:00,1
995,13.6,6.8,2024-02-18 16:45:00,2024-02-18 17:45:00,0
996,10.9,6.3,2024-11-11 22:33:00,2024-11-11 23:33:00,0
997,19.2,7.8,2024-02-27 07:38:00,2024-02-27 08:38:00,1
998,11.4,3.3,2024-04-23 01:52:00,2024-04-23 02:52:00,1
999,19.5,3.3,2024-04-15 02:19:00,2024-04-15 03:19:00,1
1000,14.5,4.4,2024-11-14 18:35:00,2024-11-14 19:35:00,1

